Cereal Corn Bisq.,575,CSFP,0,,1/1/01,,,,,,active
Grape Juice,554,CSFP,44,,1/1/01,,,,,,active
product,456,CSFP,0,,1/1/01,,,,,,active
CEREAL  CORN FLAKES,572,TEFAP,20,,1/1/01,,,,,,active
GRAPE JUICE,632,TEFAP,44,,1/1/01,,,,,,active
HEX CEREAL,678,TEFAP,19,,1/1/01,,,,,,active
product,491,TEFAP,0,,1/1/01,,,,,,active
RICE CEREAL,613,TEFAP,30,,1/1/01,,,,,,active
SAUSAGE PATTIES,702,TEFAP,40,,1/1/01,,,,,,active
TFAP ENSURE,725,TEFAP,1,,1/1/01,,,,,,active
TFAP FRESH EGGS,720,TEFAP,50,,1/1/01,,,,,,active
TFAP MIX VEGS,750,TEFAP,27,,1/1/01,,,,,,active
TFAP MIX VEGS.,749,TEFAP,27,,1/1/01,,,,,,active
Bottled Walter,593,,0,,1/1/01,,,,,,active
Bread,691,,0,,1/1/01,,,,,,active
Egg Beaters,602,,0,,1/1/01,,,,,,active
Frozen Corn,650,,30,,1/1/01,,,,,,active
Frozen French Fries,646,,0,,1/1/01,,,,,,active
Frozen misc chix,723,,0,,1/1/01,,,,,,active
Frozen Peas,651,,30,,1/1/01,,,,,,active
Frozen Sandwich,652,,20.25,,1/1/01,,,,,,active
INK Egg Beaters,606,,13,,1/1/01,,,,,,active
INK Salsa Squeeze,607,,17,,1/1/01,,,,,,active
INK3366 Orange Juice,645,,15,,2/15/06,,,,,,active
INK4050 Fresh Potatoes,592,,0,,1/1/01,,,,,,active
ink4721 Sausage Links,604,,6,,1/1/01,,,,,,active
INK5225 Cooked Rice,573,,7,,1/1/01,,,,,,active
INK5246 Smuckers Simp. Fruit,574,,12,,1/1/01,,,,,,active
INK5287 Pasta + Malfalda,591,,11,,1/1/01,,,,,,active
INK5293 Oyster Crackers,590,,11,,1/1/01,,,,,,active
INK5301 Scooters Cereal,621,,12,,1/1/01,,,,,,active
INK5323 Cinnabon cookies,603,,7,,1/1/01,,,,,,active
INK5329 Roasted Garlic Rice,609,,6,,1/1/01,,,,,,active
INK5331 Scalloped Pot.,608,,8,,1/1/01,,,,,,active
INK5332 Potatoes w/ Gravy,610,,6,,1/1/01,,,,,,active
INK5368 Pine Nuts,611,,2,,1/1/01,,,,,,active
INK5370 Black Walnuts,612,,2,,1/1/01,,,,,,active
INK5416 Dizzy Dinos,622,,13,,1/1/01,,,,,,active
INK5421 Pampers,623,,13,,1/1/01,,,,,,active
INK5424 Luvs,624,,12,,1/1/01,,,,,,active
INK5439 Blackening Seasoning,625,,3,,1/1/01,,,,,,active
INK5442 Chili Season,626,,5,,1/1/01,,,,,,active
INK5443 Grill Sauce,629,,19,,1/1/01,,,,,,active
INK5444 Garlic Salt,627,,13,,1/1/01,,,,,,active
INK5445 Honey Mustard,630,,7,,1/1/01,,,,,,active
INK5447 Herb Spice,628,,9,,1/1/01,,,,,,active
INK5498 Cookies & Crackers Pak,643,,11,,2/15/06,,,,,,active
INK5500 Chedder Cheese Nips,642,,11,,2/15/06,,,,,,active
INK5502 Chips Ahoy Soft Cookies,639,,13,,2/15/06,,,,,,active
INK5534 Cheese Cracker Sand/,640,,7,,2/15/06,,,,,,active
INK5535 Keebler Graham Crackers,644,,7,,2/15/06,,,,,,active
INK5536 Keebler Sugar Cookies,641,,12,,2/15/06,,,,,,active
INK5539 NutriGrain Bars,638,,5,,2/15/06,,,,,,active
INK5545 Chili Soup Mix,635,,2,,2/15/06,,,,,,active
INK5546 Potato Soup Mix,636,,5,,2/15/06,,,,,,active
INK5547 Cheddar Broc. Soup,637,,4,,2/15/06,,,,,,active
INK5610 Hominy,634,,27,,2/15/06,,,,,,active
INK5724 Marmalade,655,,14,,1/1/01,,,,,,active
INK5726 Pasta M.B. Soup,653,,10,,1/1/01,,,,,,active
INK5730 Ritz Bits PB+Jelly,657,,10,,1/1/01,,,,,,active
INK5773 Super M + C,654,,11,,1/1/01,,,,,,active
INK5783 Grape Jelly,656,,25,,1/1/01,,,,,,active
INKBeef Links,605,,5,,1/1/01,,,,,,active
Lentils,679,,100,,1/1/01,,,,,,active
Macaroni,648,,24,,1/1/01,,,,,,active
Munch Variety Pak,716,,5,,1/1/01,,,,,,active
Pet Food,715,,0,,1/1/01,,,,,,active
Pink G.F. Juice,594,,37,,1/1/01,,,,,,active
Potatoes,698,,0,,1/1/01,,,,,,active
SALVAGE,697,,30,,1/1/01,,,,,,active
Special K Bars,681,,2,,1/1/01,,,,,,active
Split Peas,680,,25,,1/1/01,,,,,,active
Tyson,726,,0,,1/1/01,,,,,,active
APPLE JUICE,282,CSFP,0,,1/1/01,,,,,,discontinued
APPLESAUCE,366,CSFP,0,,1/1/01,,,,,,discontinued
APRICOTS,286,CSFP,0,,1/1/01,,,,,,discontinued
BEANS  LIMA,449,CSFP,24,,4/1/04,,,,,,discontinued
CAN BEEF,273,CSFP,0,,1/1/01,,,,,,discontinued
CAN CHICKEN,289,CSFP,0,,1/1/01,,,,,,discontinued
CAN PORK,355,CSFP,0,,1/1/01,,,,,,discontinued
CARROTS,290,CSFP,0,,1/1/01,,,,,,discontinued
CEREAL CORN BISCUIT,364,CSFP,0,,1/1/01,,,,,,discontinued
CEREAL OAT,265,CSFP,0,,1/1/01,,,,,,discontinued
CORN FLAKE,291,CSFP,0,,1/1/01,,,,,,discontinued
CORN FORTIFIED,382,CSFP,0,,1/1/01,,,,,,discontinued
CRAN. JUICE CON.,298,CSFP,0,,1/1/01,,,,,,discontinued
CRANBERRY SAUCE,271,CSFP,0,,1/1/01,,,,,,discontinued
CREAM CORN,268,CSFP,0,,1/1/01,,,,,,discontinued
CRISPIX,418,CSFP,0,,1/1/01,,,,,,discontinued
DRY FORMULA,266,CSFP,0,,1/1/01,,,,,,discontinued
EGG MIX,284,CSFP,0,,1/1/01,,,,,,discontinued
FRUIT COCKTAIL,292,CSFP,0,,1/1/01,,,,,,discontinued
GRAPE JUICE,277,CSFP,0,,1/1/01,,,,,,discontinued
GREEN BEANS,275,CSFP,0,,1/1/01,,,,,,discontinued
KERNAL CORN,267,CSFP,0,,1/1/01,,,,,,discontinued
PEACHES,333,CSFP,0,,1/1/01,,,,,,discontinued
PEANUT BUTTER,263,CSFP,13.5,,1/1/01,,,,,,discontinued
PEARS,278,CSFP,0,,1/1/01,,,,,,discontinued
PINEAPPLE,280,CSFP,0,,1/1/01,,,,,,discontinued
PINEAPPLE JUICE,270,CSFP,0,,1/1/01,,,,,,discontinued
PINTO BEANS,279,CSFP,0,,1/1/01,,,,,,discontinued
PLUMS,457,CSFP,0,,1/1/01,,,,,,discontinued
PUDDING,443,CSFP,0,,1/1/01,,,,,,discontinued
PUMPKIN,381,CSFP,0,,1/1/01,,,,,,discontinued
RAISINS,272,CSFP,0,,1/1/01,,,,,,discontinued
RICE,274,CSFP,0,,1/1/01,,,,,,discontinued
ROLLED OATS,287,CSFP,0,,1/1/01,,,,,,discontinued
SLICED POTATOES,288,CSFP,0,,1/1/01,,,,,,discontinued
SPAGHETTI,264,CSFP,24,,1/1/01,,,,,,discontinued
STEW,285,CSFP,0,,1/1/01,,,,,,discontinued
TOMATO JUICE,293,CSFP,0,,1/1/01,,,,,,discontinued
TOMATO SAUCE,269,CSFP,0,,1/1/01,,,,,,discontinued
TOMATOES,283,CSFP,0,,1/1/01,,,,,,discontinued
TRAIL MIX,276,CSFP,0,,1/1/01,,,,,,discontinued
VEG. BEANS,281,CSFP,0,,1/1/01,,,,,,discontinued
WHOLE CORN,365,CSFP,0,,1/1/01,,,,,,discontinued
BISQ. MIX,452,TEFAP,0,,1/1/01,,,,,,discontinued
DATES,349,TEFAP,24,,1/1/01,,,,,,discontinued
DICED CHICKEN,327,TEFAP,42,,1/1/01,,,,,,discontinued
FRESH ORANGES,152,TEFAP,39.5,,6/14/01,,,,,,discontinued
FRESH PEARS,133,TEFAP,48.5,,6/14/01,,,,,,discontinued
FROZ.RD.ROAST,326,TEFAP,42,,1/1/01,,,,,,discontinued
OATMEAL,368,TEFAP,37,,1/1/01,,,,,,discontinued
Baby Food,319,,0,,4/26/02,,,,,,discontinued
Beef Stew,376,,0,,1/1/01,,,,,,discontinued
Chips,323,,0,,4/26/02,,,,,,discontinued
Cookies,321,,0,,4/26/02,,,,,,discontinued
Cupcake Mix,378,,0,,1/1/01,,,,,,discontinued
Instant Milk,375,,0,,1/1/01,,,,,,discontinued
Italian Green Beans,324,,0,,4/25/02,,,,,,discontinued
Misc. Crackers,422,,0,,1/1/01,,,,,,discontinued
Nuts,353,,0,,1/1/01,,,,,,discontinued
#10 APRICOTS,132,TEFAP,46,,6/14/01,644,,,,,discontinued
#10 Stew,317,,60,,5/25/02,180,,,,,discontinued
2% MILK,586,TEFAP,27.57,,9/21/05,9623,,,,,active
AFF  Potatoes,205,,27,,10/10/01,320,,,,,discontinued
AFF  sm. Corn,169,,12.5,,6/14/01,771,,,,,discontinued
AFF  sm. Peas,9,,12.75,,6/14/01,602,,,,,discontinued
AFF  Spinich,196,,24,,8/13/01,3,,,,,discontinued
AFF Asp.,45,,28,,6/14/01,7924,,,,,discontinued
AFF lg. Corn,83,,22,,6/14/01,1610,,,,,discontinued
AFF Lg. Cream Corn,139,,20,,6/14/01,1094,,,,,discontinued
AFF lg. Green Beans,140,,22,,6/14/01,2530,,,,,discontinued
ALMONDS,98,TEFAP,26,,6/14/01,0,,,,,discontinued
ALMONDS/ 12,294,TEFAP,26,,4/1/02,780,,,,,discontinued
APP.SAUCE,60,TEFAP,27,,6/14/01,5040,,,,,discontinued
Apple Chips,373,,3,,2/27/03,159,,,,,discontinued
APPLE JUICE,82,TEFAP,44,,6/14/01,5280,,,,,discontinued
Applesauce,397,,28,,7/14/03,28,,,,,discontinued
APRICOTS,71,TEFAP,27,,6/14/01,1512,,,,,discontinued
ASP.,237,TEFAP,28,,1/1/02,1350,,,,,discontinued
ASPARAGUS,350,CSFP,22,,10/14/02,15,,,,,discontinued
AuGratin Potatoes,447,,6,,4/6/04,366,,,,,discontinued
Austin Crackers,380,,4,,3/31/03,788,,,,,discontinued
B.EYE BEANS,131,TEFAP,28,,6/14/01,0,,,,,discontinued
Baked Apple B.F. Squares,444,,16,,4/6/04,720,,,,,discontinued
Banana Snack Pak,253,,14,,3/30/02,1008,,,,,discontinued
BBQ Sauce,341,,6,,9/16/02,12,,,,,discontinued
Beans #50,50,,50,,6/14/01,750,,,,,active
BEANS GREAT NORTHERN,351,CSFP,24,,10/14/02,600,,,,,discontinued
BEANS  LGHT RED KIDNEY,217,CSFP,0,,10/9/01,1500,,,,,discontinued
Beef Noodle Mix,453,,7,,5/26/03,105,,,,,discontinued
Better Chedder Crackers,460,,3,,8/11/04,240,,,,,discontinued
Biscuit Mix,172,,30,,6/19/01,360,,,,,discontinued
BLACKEYE PEAS,109,TEFAP,28,,6/14/01,1260,,,,,discontinued
Blackeyed Peas,320,,24,,4/26/02,48,,,,,discontinued
Blues Clues,236,,4,,10/22/01,80,,,,,discontinued
Body Smart Chews,245,,17,,2/27/02,153,,,,,discontinued
Body Smart Choc. Bars,244,,4,,2/27/02,96,,,,,discontinued
Bologna,356,,12.5,,11/15/02,188,,,,,discontinued
Bowl Meals,740,,58,,1/1/01,20,,,,,active
Bur-bee dry,316,,0,,5/25/02,716,,,,,discontinued
Bur-bee Frozen,315,,0,,5/25/02,753,,,,,discontinued
Bur-bee juice,318,,12,,5/25/02,279,,,,,discontinued
Cake Frosting,434,,12,,2/17/04,156,,,,,discontinued
Cake Mix,347,,35,,10/8/02,315,,,,,discontinued
CalHar. Sliced Peaches,179,,32,,6/29/01,348,,,,,discontinued
CAN CHICKEN,105,TEFAP,52,,6/14/01,0,,,,,discontinued
Can Meat,407,,23,,7/14/03,230,,,,,discontinued
Can Peas,235,,20,,1/22/02,800,,,,,discontinued
Can Potatoes,322,,4,,4/26/02,96,,,,,discontinued
Can Salmon,459,,27,,8/11/04,216,,,,,active
CAN SLC. POTATOES,328,TEFAP,30,,5/23/02,3900,,,,,discontinued
Candy,174,,29,,6/28/01,184,,,,,discontinued
CARROTS,354,TEFAP,27,,11/1/02,4212,,,,,discontinued
Cereal,358,,25,,11/2/02,50,,,,,discontinued
Cereal Apple Jacks,224,,14,,11/9/01,126,,,,,discontinued
Cereal B.B.Morn.,339,,12,,9/16/02,36,,,,,discontinued
Cereal Bars,432,,9,,2/3/04,288,,,,,discontinued
Cereal Bran Flakes,408,,20,,7/14/03,200,,,,,discontinued
Cereal Buzz Blast,359,,20,,11/26/02,720,,,,,discontinued
Cereal Capn Crunch,175,,18,,6/14/01,2394,,,,,discontinued
Cereal Cheerios Apple,228,,20,,12/1/01,580,,,,,discontinued
Cereal Corn Chex,390,,21,,6/2/03,147,,,,,discontinued
Cereal Corn Flakes,345,,19,,10/3/02,76,,,,,discontinued
Cereal Country Inn,126,,12,,6/14/01,288,,,,,discontinued
Cereal Crispix,204,,18,,9/20/01,121,,,,,discontinued
Cereal F.D.,234,,30,,12/31/01,1539,,,,,discontinued
Cereal Frost. Mini Wheats,176,,4,,6/28/01,260,,,,,discontinued
Cereal Grape Nut,118,,36,,6/14/01,0,,,,,discontinued
Cereal Healthy Choice,125,,18,,6/14/01,432,,,,,discontinued
Cereal Honey Crunch,95,,24,,6/14/01,0,,,,,discontinued
Cereal Honey Smacks,168,,26,,6/14/01,26,,,,,discontinued
Cereal Hunny B,369,,20,,2/27/03,480,,,,,discontinued
Cereal Life,145,,23,,6/14/01,366,,,,,discontinued
Cereal Looney Tunes,41,,21,,6/14/01,0,,,,,discontinued
Cereal Raisin Bran,262,,22,,4/15/02,198,,,,,discontinued
Cereal Raisin Bran Crunch,222,,1,,10/10/01,126,,,,,discontinued
Cereal Smart Start,419,,3,,9/23/03,300,,,,,discontinued
Cereal Soccer,62,,13,,6/14/01,0,,,,,discontinued
Cereal Special K,6,,15,,6/14/01,0,,,,,discontinued
Cereal Sugar Pops,177,,14,,6/28/01,28,,,,,discontinued
Cereal Sweet Puffs,115,,14,,6/14/01,0,,,,,discontinued
Cereal Toast Crunch,227,,24,,12/2/01,696,,,,,discontinued
Cereal Toasty Os,409,,15.88,,7/14/03,270,,,,,discontinued
CEREAL  INSTANT RICE,220,CSFP,0,,10/9/01,32,,,,,discontinued
CEREAL  RICE FORTIFIED,219,CSFP,0,,10/9/01,766,,,,,discontinued
CHEESE,396,TEFAP,32,,7/22/03,1920,,,,,discontinued
Cheese,70,,20,,6/14/01,200,,,,,discontinued
Cheese Nips,44,,6,,6/14/01,0,,,,,discontinued
Cheese  shredded,550,,7,,6/2/05,35,,,,,active
CHEESE/ 6,208,CSFP,26,,10/9/01,1554,,,,,discontinued
Cheezy Mac Kid Kit.,186,,12,,6/29/01,120,,,,,discontinued
Cherry Snack Bars,473,,11,,1/20/05,110,,,,,discontinued
Chicken Broth,200,,16,,8/22/01,30,,,,,discontinued
Chicken Noodle Soup,230,,19,,12/31/01,266,,,,,discontinued
CHILI,94,TEFAP,28,,6/14/01,0,,,,,discontinued
Chili,123,,13,,6/14/01,0,,,,,discontinued
Chips Ahoy Cookie Barz,389,,6,,5/1/03,72,,,,,discontinued
Choc. Cake Mix,159,,16,,6/14/01,176,,,,,discontinued
Choc. Chips,423,,12,,11/10/03,396,,,,,discontinued
Club Crackers,156,,14,,6/14/01,56,,,,,discontinued
Combo Crackers,97,,24,,6/14/01,0,,,,,discontinued
Cookies Nutter Butter,374,,10,,2/27/03,400,,,,,discontinued
Cookies Oreo,113,,17,,6/14/01,0,,,,,discontinued
Cookies Sandwich,226,,40,,12/2/01,1080,,,,,discontinued
Cookies Variety Ind.,387,,3,,5/1/03,390,,,,,discontinued
CORN,92,TEFAP,27.75,,6/14/01,4801,,,,,discontinued
Corn,401,,27,,7/14/03,54,,,,,discontinued
CORN CEREAL,54,TEFAP,19.25,,6/14/01,154,,,,,discontinued
CORN  W.K.,512,TEFAP,27,,3/23/05,675,,,,,active
Cr. Ap. Juice,506,CSFP,44,,3/23/05,2376,,,,,active
Crackers Veg. Thins,111,,4,,6/14/01,16,,,,,discontinued
Crackers  Asst.,445,,1,,4/6/04,848,,,,,discontinued
CRAN. SAUCE,99,TEFAP,29,,6/14/01,0,,,,,discontinued
CRAN/APPLE JUICE,103,TEFAP,44,,6/14/01,0,,,,,discontinued
CRANBERRY AP. JUICE,215,CSFP,0,,10/9/01,4330,,,,,discontinued
CRANBRY 11.5oz J. CONC,167,TEFAP,10,,6/14/01,2000,,,,,discontinued
CRANBRY 64oz J.CONC,161,TEFAP,34,,6/14/01,1258,,,,,discontinued
Cream of Chicken Soup,467,,20,,11/8/04,1200,,,,,active
Cream of Mush. Soup,404,,19,,7/14/03,38,,,,,discontinued
Cryst.Lite Juice,342,,2,,9/16/02,2,,,,,discontinued
Dairy,8,,40,,6/14/01,0,,,,,discontinued
DEHY POTATOES/ 12,191,TEFAP,15,,1/1/01,1440,,,,,discontinued
DEHYD POTATOES,336,CSFP,12,,9/12/02,29,,,,,discontinued
Detergent,127,,44,,6/14/01,1444,,,,,discontinued
Diapers,39,,10,,6/14/01,40,,,,,discontinued
Diced Tomatoes,403,,28,,7/14/03,112,,,,,discontinued
DRIED CHERRIES,166,TEFAP,22,,6/14/01,1562,,,,,discontinued
DRIED CRANBERRY,100,TEFAP,32,,6/14/01,0,,,,,discontinued
DRIED PLUMS/ 24,225,TEFAP,26.5,,11/1/01,1590,,,,,discontinued
EGG NOODLES/ 12,206,TEFAP,13,,9/1/01,148,,,,,discontinued
EVAP. MILK,209,CSFP,22.5,,10/9/01,2679,,,,,discontinued
Evap. Milk,135,,18,,6/14/01,0,,,,,discontinued
F.D. Peas,5,,22,,6/14/01,3960,,,,,active
Facial Tissue,164,,35,,6/14/01,1470,,,,,discontinued
FARINA,221,CSFP,0,,10/9/01,808,,,,,active
Farmhouse Rice,526,,6,,4/6/05,120,,,,,active
FC Baby Food,301,,15,,4/22/02,2080,,,,,discontinued
FC Baby Rice Cereal,314,,10,,4/22/02,1629,,,,,discontinued
FC Can B.E. Peas,302,,27,,4/22/02,2325,,,,,discontinued
FC Can Peas,307,,26,,4/22/02,2290,,,,,discontinued
FC Can Spinach,310,,25,,4/22/02,4300,,,,,discontinued
FC Can Whole Potatoes,306,,27,,4/22/02,4698,,,,,discontinued
FC Candy,312,,10,,4/22/02,1679,,,,,discontinued
FC Chips,313,,7,,4/22/02,48,,,,,discontinued
FC Cookies,303,,7,,4/22/02,675,,,,,discontinued
FC Granola Bars,305,,11,,4/22/02,1820,,,,,discontinued
FC Italian Green Beans,309,,26,,4/22/02,4448,,,,,discontinued
FC Pasta,311,,13,,4/22/02,395,,,,,discontinued
FC Peanut Butter,304,,14,,4/22/02,2280,,,,,discontinued
FC Spaghetti,308,,22,,4/22/02,1780,,,,,discontinued
Flour,193,,22,,7/13/01,66,,,,,discontinued
FLOUR MIX,450,TEFAP,31,,5/4/04,8184,,,,,discontinued
Formula Enfamil,68,,1,,6/14/01,120,,,,,discontinued
FRESH APPLES,150,TEFAP,40,,6/14/01,0,,,,,discontinued
Fresh Eggs,112,,25,,6/14/01,125,,,,,discontinued
Fresh Fruit,21,,30,,6/14/01,0,,,,,discontinued
FRESH GRP.FT.,151,TEFAP,39.5,,6/14/01,0,,,,,discontinued
Fresh Milk,706,,18,,1/1/01,225,,,,,active
Fresh O.J.,243,,32,,2/26/02,640,,,,,discontinued
FRESH ONIONS,207,TEFAP,50,,10/10/01,20,,,,,discontinued
FRESH POTATOES,157,TEFAP,52,,6/14/01,676,,,,,discontinued
FRESH TOMATOES,154,TEFAP,27,,6/14/01,0,,,,,discontinued
Fresh Vegetables,13,,20,,6/14/01,1160,,,,,discontinued
Frosted Animal Cookies,395,,15,,7/7/03,465,,,,,discontinued
FROZ. B.B./ 8,239,TEFAP,25,,2/7/02,1350,,,,,discontinued
FROZ. BEEF ROASTS,325,TEFAP,42,,5/9/02,2688,,,,,discontinued
Froz. Cherries,229,TEFAP,26.5,,12/13/01,1325,,,,,discontinued
FROZ. CHICKEN,104,TEFAP,50,,6/14/01,0,,,,,discontinued
FROZ. LAMB,57,TEFAP,40,,6/14/01,0,,,,,discontinued
FROZ. PEACHES/ 2#/ 12,134,TEFAP,28,,6/14/01,795,,,,,discontinued
FROZ. STRAWBERRY/12,122,TEFAP,27,,6/14/01,588,,,,,discontinued
Frozen Apple Turnovers,430,,28,,2/3/04,700,,,,,discontinued
Frozen Bread Dough,439,,26,,3/10/04,259,,,,,discontinued
Frozen Fish,660,,72,,1/1/01,2165,,,,,active
Frozen Fruit,22,,20,,6/14/01,0,,,,,discontinued
Frozen Mash Potatoes,332,,20,,7/11/02,3640,,,,,discontinued
Frozen Meat,25,,50,,6/14/01,190,,,,,discontinued
Frozen Misc,108,,30,,6/14/01,600,,,,,discontinued
Frozen Sliced Potatoes,346,,20,,10/8/02,1400,,,,,discontinued
Frozen Soup,357,,14,,11/15/02,252,,,,,discontinued
Frozen Vegetables,19,,30,,6/14/01,0,,,,,active
Fruit Cocktail,398,,28,,7/14/03,28,,,,,discontinued
Fruit cocktail   small,393,,7,,7/7/03,22,,,,,discontinued
Fruit Snack Bars; Strawberry,553,,10,,6/2/05,80,,,,,active
Garlic Potato,232,,8,,12/31/01,64,,,,,discontinued
Gloves & or Bags,128,,10,,6/14/01,100,,,,,discontinued
Good Start,231,,19,,12/31/01,76,,,,,discontinued
Graham Cracker crust,437,,5,,2/25/04,30,,,,,discontinued
Graham Crackers,47,,13,,6/14/01,0,,,,,discontinued
Granola Bars,741,,8,,1/1/01,40,,,,,active
Grape Jelly,53,,23,,6/14/01,604,,,,,discontinued
GRAPE JUICE,121,TEFAP,44,,6/14/01,4488,,,,,discontinued
GRAPEFRUIT JU.,412,CSFP,43.5,,8/4/03,2697,,,,,discontinued
GREEN BEANS,130,TEFAP,26.75,,6/14/01,2755,,,,,discontinued
Green Beans,402,,27,,7/14/03,54,,,,,discontinued
GROUND SAUSAGE,93,TEFAP,39,,6/14/01,2691,,,,,discontinued
GRT.NTHRN.BEAN,137,TEFAP,25.5,,6/14/01,1325,,,,,discontinued
Gummy Bears,43,,20,,6/14/01,0,,,,,discontinued
H.J. Garlic Potatoes,527,,6,,4/6/05,50,,,,,active
Ham&Cheese Sand,119,,10,,6/14/01,0,,,,,discontinued
Hellmans Mayo,370,,18,,2/27/03,900,,,,,discontinued
Hormel Chili,180,,12,,6/29/01,120,,,,,discontinued
Hot Cocoa Mix,438,,38,,2/10/04,30,,,,,discontinued
INFANT FORM.SOY DRY,212,CSFP,7,,10/9/01,28,,,,,discontinued
INFANT FORMULA LIQ.,211,CSFP,26,,10/9/01,100,,,,,discontinued
INK Grape Juice Conc.,673,,360,,5/12/06,30,,,,,active
INK H.J. Mash Pot  Butter Fla,670,,6,,5/12/06,30,,,,,active
INK Mini Cheese Nips,672,,1,,5/12/06,50,,,,,active
INK0071 Hash Browns,562,,32,,7/6/05,1600,,,,,active
INK3177 Saltines,561,,15,,7/6/05,675,,,,,active
INK3460 Applesauce  Unsweet,484,,20,,2/9/05,1000,,,,,active
INK4011 Welchitos,580,,27,,9/9/05,540,,,,,active
INK4215 Concord Grape Jelly  Welch,663,,26,,4/25/06,1300,,,,,active
INK4548 Salmon/Can,485,,27,,2/9/05,540,,,,,active
INK4641 Strawberry Spread  Welch,666,,26,,4/25/06,780,,,,,active
INK4830 B.B. Cereal,476,,12,,2/9/05,60,,,,,active
INK4871 Texas Beans  Ranch,482,,23,,2/9/05,736,,,,,active
INK4886 Pancake Waffle Muffin Mix,475,,4,,2/9/05,280,,,,,active
INK4917 Graham Crackers,474,,13,,2/9/05,299,,,,,active
INK4934 Baked Snack Crackers,486,,15,,2/9/05,750,,,,,active
INK4938 Eggo Syrup,481,,27,,2/9/05,405,,,,,active
INK4940 Fruit Harvest Cereal,477,,13,,2/9/05,26,,,,,active
INK4950 B.B. Muffin Mix,483,,4,,2/9/05,200,,,,,active
INK4978 Marshmelow Magic Cereal,478,,15,,2/9/05,30,,,,,active
INK4984 Cinn/Marshmellow Cereal,479,,17,,2/9/05,68,,,,,active
INK4985 Choc Mudd & Bugs Cereal,480,,13,,2/9/05,52,,,,,active
INK5113 M.P. Drink,581,,19,,9/9/05,1159,,,,,active
INK5158 Sanckwells,559,,7,,6/29/05,294,,,,,active
INK51644 Refried Beans Dehy.,564,,38,,7/6/05,1520,,,,,active
INK5226 Chopped Walnuts,576,,34,,9/9/05,850,,,,,active
INK5259 Dog Food,578,,10,,9/9/05,80,,,,,active
INK5294 Spinich Tortllini,587,,5,,10/17/05,50,,,,,active
INK5642 Apple Chips  Gold. Del,667,,7,,4/25/06,112,,,,,active
INK5755 Sunshine Saltine Crackers,664,,7,,4/25/06,168,,,,,active
INK5757 Keebler Oyster Crackers,665,,10,,4/25/06,5,,,,,active
INK5801 H.J. Sour Cr & Chives,671,,5,,5/12/06,150,,,,,active
INK5814 Aunt Jem Org. Syrup,662,,30,,4/25/06,600,,,,,active
INK5854 Rice  long grain,674,,25,,5/12/06,1500,,,,,active
INSTANT MILK,210,CSFP,56,,10/9/01,1380,,,,,discontinued
INSTANT MILK,55,TEFAP,20.2,,6/14/01,8764,,,,,discontinued
Italian Beef packs,464,,9,,11/1/04,180,,,,,discontinued
Jello,454,,11,,5/26/04,88,,,,,discontinued
Jelly; Grape,233,,24,,12/31/01,20,,,,,discontinued
Jug Apple Juice,338,,38,,9/16/02,7372,,,,,discontinued
Juice,170,,25,,6/14/01,500,,,,,discontinued
Juice; Cherry Sensation,42,,12,,6/14/01,0,,,,,discontinued
Juice; Citrus Punch,88,,15,,6/14/01,0,,,,,discontinued
Juice; Cran Orange,144,,43,,6/14/01,387,,,,,discontinued
Juice; Dole Tropical Fruit,420,,15,,9/23/03,960,,,,,discontinued
Juice; Sunny Delight,66,,32,,6/14/01,0,,,,,discontinued
Juice; Variety Pak,114,,18,,6/14/01,144,,,,,discontinued
Jumbo Taco Shells,435,,8,,2/18/04,200,,,,,discontinued
KIDNEY BEANS,441,TEFAP,25.5,,4/8/04,4029,,,,,discontinued
Lasagna,190,,10,,7/6/01,750,,,,,discontinued
Lasagna Lunch Bucket,185,,12,,6/29/01,132,,,,,discontinued
Lentils #50,138,,50,,6/14/01,1300,,,,,discontinued
Lg. Carrots,241,,26,,2/11/02,2200,,,,,discontinued
Libby Fruit Cocktail,178,,24,,6/29/01,648,,,,,discontinued
Lima,498,CSFP,25.5,,3/23/05,306,,,,,active
Little Debbies,427,,19,,1/22/04,20,,,,,discontinued
Luncheon Meat-Carson Creek,188,,24,,6/29/01,264,,,,,discontinued
M. W.,334,,10,,9/4/02,1,,,,,discontinued
Mac & Cheese,63,,48,,6/29/01,4072,,,,,discontinued
Mac & Cheese small,542,,14,,4/19/05,350,,,,,active
MACARONI,78,TEFAP,25,,6/14/01,4825,,,,,discontinued
MACARONI  ELBOW,218,CSFP,0,,10/9/01,1500,,,,,discontinued
Masa Flour,247,,50,,3/6/02,1000,,,,,discontinued
Mashed Potatoes,472,,4,,1/20/05,62,,,,,discontinued
Mayo,143,,12,,6/29/01,120,,,,,discontinued
Meat Ì¢‰âÂ‰ÛÏ Canned,24,,23,,6/14/01,0,,,,,discontinued
Mini Ravioli,440,,35,,3/24/04,945,,,,,discontinued
Minudo,149,,5,,6/14/01,275,,,,,discontinued
Minute Rice,340,,32,,9/16/02,1,,,,,discontinued
Miracle Whip,69,,39,,6/14/01,279,,,,,discontinued
MISC. #10,367,,288,,1/5/03,288,,,,,discontinued
Misc. Candy,223,,25,,10/29/01,70,,,,,discontinued
misc. cookies,525,,0,,4/4/05,373,,,,,discontinued
Misc. Pasta,249,,19,,3/14/02,1710,,,,,discontinued
Miss Mud,64,,22,,6/14/01,0,,,,,discontinued
Mixed Fruit,377,TEFAP,15.5,,3/1/03,4212,,,,,discontinued
MOZARELLA,732,TEFAP,12,,1/1/01,190,,,,,discontinued
Muffin Mix,470,,4,,1/13/04,300,,,,,active
Mushroom steak sauce,463,,11,,11/1/04,143,,,,,discontinued
Nutrigrain Bars-Rasp.,372,,6,,2/27/03,180,,,,,discontinued
Oatmeal #50,51,,50,,6/14/01,400,,,,,active
Oatmeal Ì¢‰âÂ‰ÛÏ Peaches + Cream,360,,15,,11/26/02,225,,,,,discontinued
Onions Ì¢‰âÂ‰ÛÏ Sweets,173,,50,,6/19/01,1250,,,,,discontinued
Orange Juice,568,CSFP,44,,7/1/05,2813,,,,,active
ORANGE JUICE,521,TEFAP,44,,3/23/05,2596,,,,,active
ORANGE JUICE  CAN,214,CSFP,0,,10/9/01,5481,,,,,discontinued
ORANGE JUICE/ 12,202,TEFAP,44,,8/30/01,111,,,,,discontinued
Orangeade,162,,50,,6/14/01,1200,,,,,discontinued
Oreo Cookie Barz,388,,6,,5/1/03,72,,,,,discontinued
Org. Pineapple Juice,335,,30,,9/5/02,1800,,,,,discontinued
Oyster crackers,392,,44,,7/8/03,2200,,,,,discontinued
Pancake Mix,35,,27,,6/14/01,1512,,,,,active
Paper boxes,417,,0,,9/2/03,3000,,,,,active
Paper Products-t.p.,27,,35,,6/14/01,210,,,,,discontinued
PASTA,58,TEFAP,21,,6/14/01,294,,,,,discontinued
Pasta,28,,21,,6/14/01,3717,,,,,discontinued
Pasta sides-Pestocream,466,,8,,11/1/04,80,,,,,discontinued
Pasta-Orecchiette,361,,19,,11/26/02,570,,,,,discontinued
PEACHES,74,TEFAP,27,,6/14/01,4023,,,,,discontinued
Peaches,399,,28,,7/14/03,28,,,,,discontinued
PEANUT BUTTER,81,TEFAP,15.5,,6/14/01,5239,,,,,discontinued
Peanut Butter,171,,10,,6/19/01,120,,,,,discontinued
Peanuts,87,,27,,6/14/01,0,,,,,discontinued
PEARS,75,TEFAP,27,,6/14/01,14940,,,,,discontinued
PEAS,216,CSFP,0,,10/9/01,3198,,,,,discontinued
Pickles,142,,48,,6/14/01,3504,,,,,discontinued
Pinapple Tidbits,426,TEFAP,46,,1/22/03,1564,,,,,discontinued
Pineapple,425,TEFAP,36,,1/22/03,792,,,,,discontinued
PINEAPPLE,348,TEFAP,36,,10/14/02,1620,,,,,discontinued
Pineapple,400,,27,,7/14/03,27,,,,,discontinued
PINEAPPLE JU.,413,CSFP,43,,8/4/03,1207,,,,,discontinued
Pink Salmon,163,,26,,6/14/01,2775,,,,,discontinued
PINTO BEANS,411,TEFAP,26,,7/29/03,4108,,,,,discontinued
PLUMS,248,TEFAP,27,,3/1/02,810,,,,,discontinued
Pop Tarts,48,,33,,6/29/01,66,,,,,discontinued
Popcorn,465,,24,,11/1/04,360,,,,,discontinued
Poppered Gravy Mix,385,,10,,5/1/03,600,,,,,discontinued
PORK,76,TEFAP,52,,6/14/01,0,,,,,discontinued
Pork & Beans,102,,24,,6/29/01,600,,,,,discontinued
Potato chips,448,,9,,5/3/04,103,,,,,discontinued
Potato Flakes,153,,15,,6/14/01,944,,,,,discontinued
Potato Pearls,155,,44,,6/14/01,836,,,,,discontinued
Potted Meat,471,,8,,1/20/05,240,,,,,active
POUCH SALMON,442,TEFAP,27,,4/8/04,769,,,,,discontinued
Powder Milk,136,,28,,6/14/01,0,,,,,discontinued
Power Bar,551,,28,,6/2/05,840,,,,,active
PUDDING,383,TEFAP,12,,4/17/03,4032,,,,,discontinued
PUDDING  CHOC.,524,TEFAP,10,,3/23/05,720,,,,,active
Rainbow Pasta,436,,11,,2/18/04,385,,,,,discontinued
Ramen,124,,5,,6/14/01,1069,,,,,active
Ravioli,384,,16,,4/1/03,432,,,,,discontinued
Ravioli-Cheese,182,,12,,6/29/01,144,,,,,discontinued
Ravioli-Chef,187,,24,,6/29/01,120,,,,,discontinued
Ravioli-Meat,183,,12,,6/29/01,192,,,,,discontinued
Refer. Mac & Cheese,421,,7.5,,10/8/03,428,,,,,discontinued
Refer. O.J.,242,,32,,2/14/02,640,,,,,discontinued
REFRIED BEANS,148,TEFAP,28,,6/14/01,4900,,,,,discontinued
Refried Beans,429,,26,,2/2/04,780,,,,,discontinued
Refried Beans Dehyd,560,,38,,7/6/05,1520,,,,,active
Rice,538,CSFP,60,,4/14/05,600,,,,,active
RICE,1,TEFAP,49,,9/21/05,5520,,,,,discontinued
Rice #50,49,,50,,6/14/01,1000,,,,,active
RICE (dup),77,TEFAP,61,,6/14/01,6664,,,,,discontinued
Rice Krispie Treat,195,,40,,7/26/01,9,,,,,discontinued
Rice Pudding Mix,147,,13,,6/14/01,390,,,,,discontinued
Ritz Bits P.B. pak,415,,2,,9/2/03,252,,,,,discontinued
Ritz Chips/funpack,577,,1,,9/9/05,105,,,,,active
Ritz Crackers,90,,15,,6/14/01,0,,,,,discontinued
ROLLED OATS,363,TEFAP,37,,12/12/02,2368,,,,,discontinued
Rotel Tomato Sauce,469,,180,,11/29/04,20,,,,,discontinued
Safeway Cornbread Stuffing Mix,544,,9,,5/10/05,135,,,,,active
Safeway Stuffing Mix,545,,11.25,,5/10/05,112,,,,,active
SAL0015 Misc,488,,36,,2/9/05,1080,,,,,active
SAL0016 Salvage Fruit/Veg,489,,38,,2/9/05,1140,,,,,active
SAL0018 Salvage Protein,490,,38,,2/9/05,1140,,,,,active
SAL0117 Salvage Grain,487,,11,,2/9/05,330,,,,,active
SALMON,72,TEFAP,27,,6/14/01,1350,,,,,discontinued
Salmon Ì¢‰âÂ‰ÛÏ Fresh,116,,50,,6/14/01,0,,,,,discontinued
Salt,344,,25,,9/24/02,6,,,,,discontinued
Saltines,26,,15,,6/14/01,330,,,,,discontinued
Salvage Cleaning,61,,40,,6/14/01,0,,,,,discontinued
Salvage Coffee,194,,25,,7/10/01,3,,,,,discontinued
Salvage Fruit & Veg,36,,40,,6/14/01,480,,,,,discontinued
Salvage Grain,32,,40,,6/14/01,800,,,,,discontinued
Salvage Laundry,40,,40,,6/14/01,0,,,,,discontinued
Salvage Misc.,38,,40,,6/14/01,0,,,,,discontinued
Salvage Protein,37,,40,,6/14/01,1520,,,,,discontinued
Sausage links,552,,6,,6/2/05,174,,,,,active
Season Salt,251,,5,,3/31/02,30,,,,,discontinued
Senca Baby Carrots,261,,26,,3/2/02,3848,,,,,discontinued
Seneca Asp.,255,,12,,3/5/02,552,,,,,discontinued
Seneca Can Veg,428,,30,,1/29/04,8777,,,,,discontinued
Seneca lg. Corn,256,,28,,3/2/02,224,,,,,discontinued
Seneca Lg. Cream Corn,259,,28,,3/3/02,2688,,,,,discontinued
Seneca lg. Green Beans,260,,28,,3/3/02,336,,,,,discontinued
Seneca sm. Corn,257,,15,,3/2/02,3465,,,,,discontinued
Seneca sm. Peas,258,,15,,3/2/02,210,,,,,discontinued
SIMILAC,110,TEFAP,26,,6/14/01,572,,,,,discontinued
Sloppy Joe Mix,455,,4,,5/25/04,24,,,,,discontinued
SMALL TURKEY DELI,733,TEFAP,40,,1/1/01,63,,,,,active
Snack Sticks,65,,3,,6/14/01,0,,,,,discontinued
Snack ums,46,,4,,6/14/01,0,,,,,discontinued
Soup,330,,19,,6/10/02,190,,,,,discontinued
Spag. Annies,181,,12,,6/29/01,36,,,,,discontinued
Spag. Rings,184,,24,,6/29/01,240,,,,,discontinued
SPAG. SAUCE,117,TEFAP,26.5,,6/14/01,2808,,,,,discontinued
Spag. Sauce Mix,165,,4,,6/14/01,35,,,,,discontinued
SPAGHETTI,79,TEFAP,25,,6/14/01,1828,,,,,discontinued
Spaghetti Sauce,34,,30,,6/14/01,0,,,,,discontinued
Spiced Tomatoes,329,,14,,6/10/02,168,,,,,discontinued
Splenda,254,,3,,3/31/02,30,,,,,discontinued
SPLIT PEAS,238,TEFAP,26,,1/1/02,1690,,,,,discontinued
Squeeze Jelly,252,,19,,3/31/02,1501,,,,,discontinued
STEW,56,TEFAP,43,,6/14/01,15088,,,,,discontinued
STRAWBERRIES/6,107,TEFAP,43,,6/14/01,1638,,,,,discontinued
Strawberry Jam,458,,26,,8/11/04,780,,,,,discontinued
Stroganoff,67,,9,,6/14/01,0,,,,,discontinued
Stuffing Mix,203,,9,,9/10/01,60,,,,,discontinued
Sugar,343,,50,,9/24/02,6,,,,,discontinued
SWEET POT.,296,TEFAP,28,,4/2/02,2464,,,,,discontinued
SWEET POTATOES,337,CSFP,22.5,,9/12/02,338,,,,,discontinued
SWEET POTATOES,300,TEFAP,28,,4/19/02,2016,,,,,discontinued
Syrup Ì¢‰âÂ‰ÛÏ Griffins,33,,12,,6/29/01,144,,,,,discontinued
Taco Cook Sauce,146,,20,,6/14/01,440,,,,,discontinued
Tang,192,,0,,7/12/01,2240,,,,,discontinued
Tickles Chedder Crackers,197,,7,,8/22/01,4,,,,,discontinued
Tickles Chedder Snack Crackers,199,,4,,8/22/01,4,,,,,discontinued
Tickles Original Crackers,198,,7,,8/22/01,4,,,,,discontinued
TOM. SOUP,433,TEFAP,19,,2/11/04,3933,,,,,discontinued
TOM.SAUCE,59,TEFAP,27,,6/14/01,2025,,,,,discontinued
Tomato Sauce,246,,24,,3/6/02,600,,,,,discontinued
Tomato Soup,405,,19,,7/14/03,38,,,,,discontinued
TOMATOES,362,TEFAP,27,,12/12/02,4212,,,,,discontinued
Tostados,424,,5,,11/24/03,115,,,,,discontinued
TRAIL MIX,120,TEFAP,26,,6/14/01,1998,,,,,discontinued
Treet,189,,24,,6/29/01,288,,,,,discontinued
TUNA,213,CSFP,23,,10/9/01,1370,,,,,discontinued
TUNA,73,TEFAP,22.8,,6/14/01,3260,,,,,discontinued
Tuna Helper,451,,6.9,,5/25/05,331,,,,,discontinued
Tuna.,52,,24,,6/29/01,1152,,,,,discontinued
Turkeys,468,,0,,11/17/04,2100,,,,,discontinued
TVP,86,,50,,6/14/01,1050,,,,,discontinued
USDA DATES,297,,26.5,,4/2/02,769,,,,,discontinued
VEG OIL,299,TEFAP,26.5,,4/19/02,178,,,,,discontinued
VEG. BEANS,80,TEFAP,28.2,,6/14/01,1072,,,,,discontinued
Veg. Oil,410,,18,,7/14/03,180,,,,,discontinued
VEG. OIL/ 8,295,TEFAP,26.5,,4/2/02,4717,,,,,discontinued
Veg. Soup,391,TEFAP,19,,5/21/03,3933,,,,,discontinued
Veg. Soup,406,,19,,7/14/03,38,,,,,discontinued
W.K. Corn,494,CSFP,27.75,,3/23/05,1276,,,,,active
WALNUTS,91,TEFAP,25.8,,6/14/01,0,,,,,discontinued
Welch 100% White Grape,379,,11,,3/31/03,275,,,,,discontinued
Welch Cran Rasp. Conc.,331,,11,,7/3/02,957,,,,,discontinued
Welch Cran/Apple Conc.,414,,12,,8/4/03,1008,,,,,discontinued
Welch Grape Drink 10 oz,386,,19,,5/1/03,1140,,,,,discontinued
Welch Grape Juice Conc.,416,,11,,9/2/03,1704,,,,,discontinued
Welches Con. Passion Conc.,431,,12,,2/3/04,960,,,,,discontinued
Welches Juice,462,,12,,8/11/04,1800,,,,,active
Welchs Cran. Grape Conc.,371,,11,,2/27/03,550,,,,,discontinued
Welchs Fruit Punch (Concentrate),201,,12,,8/22/01,210,,,,,discontinued
Wheat Thin Crisps,394,,4,,7/7/03,90,,,,,discontinued
WK Corn Lg.,240,,26,,2/11/02,2200,,,,,discontinued
Yogurt Berry Crunch Bar,250,,4,,3/14/02,10,,,,,discontinued
Dehy. Potatoes,539,CSFP,12,,3/13/05,60,,,,,active
Cranberry Sauce,540,CSFP,29,,3/15/05,638,,,,,active
Peaches,541,CSFP,27,,3/15/05,7290,,,,,active
Cereal  Ft. Wht.Bran Flake,658,CSFP,20.38,,,44,,,,,active
Beans  G.N.,659,CSFP,25.5,,,44,,,,,active
DRIED CHERRIES,668,TEFAP,22,,,,,,,,active
FIGS,676,TEFAP,26,,6/7/06,,,,,,active
EGG NOODLES,677,TEFAP,12,,,,,,,,active
CEREAL  Hexagon,678,TEFAP,19,,,,,,,,active
FROZEN CHIX,682,TEFAP,47,,,,,,,,active
FROZEN HAM,683,TEFAP,36,,,,,,,,active
FROZEN TURKEY HAM,684,TEFAP,40,,,,,,,,active
GRAPEFRUIT JUICE,685,TEFAP,38,,,,,,,,active
PINTO BEANS,686,TEFAP,24,,,,,,,,active
FRESH TOMATOES,687,TEFAP,25,,,,,,,,active
Cereal  Ft. Wht. Br.,688,CSFP,20.5,,,,,,,,active
F.D. Ramen,751,,0,,,,,,,,active
Sli. Potatoes,690,CSFP,28,,,,,,,,active
FRESH PEARS,692,TEFAP,45,,,,,,,,active
TURKEY HAM,693,TEFAP,40,,,,,,,,active
TRAIL MIX,699,TEFAP,26,,,55,,,,,active
VEG. OIL,700,TEFAP,26,,,149,,,,,active
Chili,701,CSFP,42,,,13,,,,,active
PORK PATTIES,702,TEFAP,40,,,,,,,,active
DATES,703,TEFAP,27,,,,,,,,active
PEAS,704,TEFAP,27,,,,,,,,active
VEG. BEANS,705,TEFAP,28,,,,,,,,active
RICE/30,707,TEFAP,61,,,,,,,,active
PEACHES/FREESTONE,708,TEFAP,30,,,,,,,,active
TOMATO SOUP,709,TEFAP,19,,,,,,,,active
FROZ. CHIX BREAST,710,TEFAP,40,,,,,,,,active
Tortillas,711,,0,,,,,,,,active
CHICKEN BREAST,713,TEFAP,40,,,,,,,,active
CHICKEN/WHOLE,714,TEFAP,40,,,,,,,,active
CHICKEN/CUT UP,717,TEFAP,40,,,,,,,,active
LAMB CHOPS,718,TEFAP,40,,,,,,,,active
ROTINI,719,TEFAP,21,,,,,,,,active
FRESH EGGS,720,TEFAP,24,,,,,,,,active
FROZ. BLUEBERRIES,721,TEFAP,24,,,,,,,,active
CHIX THIGHS,722,TEFAP,36,,,,,,,,active
Plums,724,CSFP,27,,,,,,,,active
ENSURE,725,TEFAP,1,,,,,,,,active
TURKEY ROAST,727,TEFAP,40,,,,,,,,active
LG. DELI TURKEY,728,TEFAP,40,,,,,,,,active
SM. DELI TURKEY,729,TEFAP,40,,,,,,,,active
TURKEY BREAST,734,TEFAP,0,,,33,,,,,active
MOZZARELLA,735,TEFAP,12,,,2280,,,,,active
SLI. POTATOES,736,TEFAP,28,,,,,,,,active
Holiday Bags from Super One,737,,0,,,,,,,,active
CAN CHICKEN (x),738,TEFAP,12,,,,,,,,active
SLICED HAM,739,TEFAP,40,,,,,,,,active
PUMPKIN,742,TEFAP,27,,,73,,,,,active
CHEESE,743,TEFAP,24,,,,,,,,active
FROZ. CHERRIES,744,TEFAP,30,,,,,,,,active
DRIED BLUEBERRY,745,TEFAP,18,,,,,,,,active
1% MILK 8oz,746,TEFAP,16.5,,,,,,,,active
Boxed Dinners,747,,7,,,,,,,,active
MUSHROOM SOUP/BOX,748,TEFAP,24,,,,,,,,active
MIX VEGS.,749,TEFAP,27,,,,,,,,active
Mac & Cheese (sm),752,,14,,,,,,,,active
Progresso Soup,753,EFAP FB,17,,,32,,,,,active
Cereal  Lg.,755,EFAP FB,51,,,2,,,,,active
Fresh Onions,756,,50,,,,,,,,active
Fresh Spinich,757,,5,,,,,,,,active
Fresh Apples,758,,35,,,,,,,,active
Fresh Carrots,759,,48,,,,,,,,active
CHED. CH. SOUP/BOX,760,TEFAP,24,,,,,,,,active
FRESH POTATOES,761,TEFAP,50,,,,,,,,active
Pasta,762,EFAP FB,6,,,8,,,,,active
Granola Cereal,763,EFAP FB,5,,,6,,,,,active
Special K Bars,764,EFAP FB,1.5,,,6,,,,,active
Baby Food,765,EFAP FB,3,,,24,,,,,active
Misc./Asotin Co.,766,EFAP FB,60,,,32,,,,,active
LEGS/THIGHS,767,TEFAP,27,,,,,,,,active
CATFISH,768,TEFAP,40,,,,,,,,active
Purchase,770,,0,,10/13/10,3260,,,,,active
DRIED PLUMS,771,TEFAP,26,,,609,,,,,active
TOMATO SOUP/BOX,773,TEFAP,24,,,,,,,,active
Fresh Potatoes,775,,0,,,,,,,,active
CHIX. QUARTERS,777,TEFAP,40,,,,,,,,active
F.D. Cereal,778,,21,,,,,,,,active
Kool Aid/bottles,779,EFAP FB,19.5,,,,,,,,active
Mix it Cereal,780,EFAP FB,6,,,36,,,,,active
Saltines,781,EFAP FB,5,,,30,,,,,active
Crisp Onions/bag,782,EFAP FB,4,,,24,,,,,active
Fresh Tomatoes,784,,10,,,780,,,,,active
Fresh Salad,785,,4,,,196,,,,,active
BEEF ROAST,786,TEFAP,40,,,2560,,,,,active
CRINKLE FRIES,788,TEFAP,30,,1/13/11,180,,,,,active
CRAN. APPLE JUICE,789,TEFAP,38,,,,,,,,active
Sweet & Salty Bar,955,,4,,4/15/14,88,,,,,active
Fresh Eggs,956,,0,,,,,,,,active
Rice Sides,957,,5,,4/16/14,100,,,,,active
Fresh Halo Oranges,958,EFAP FB,20,,4/16/14,80,,,,,active
Soy Milk,959,,14,,,4942,,,,,active
Water,960,,0,,,,,,,,active
Cream of Mushroom Soup,961,,19,,,,,,,,active
Yellow Eye Bean,962,,40,,,,,,,,active
RAISINS 24/15oz,963,TEFAP,25,,,,,,,,active
F.D. Juice,964,,60,,,,,,,,active
CEREAL RICE KRISPIES,965,TEFAP,14,,,,,,,,active
DRIED CRANBERRIES,966,TEFAP,32,,,,,,,,active
Chicken Helper Family,967,,10,,,,,,,,active
Cheesy Tuna Helper,968,,7,,,,,,,,active
Saltines,969,,15,,,,,,,,active
Can Chicken Small,970,,11,,,,,,,,active
Can Ham,971,,24,,,,,,,,active
Fruit Cocktail,972,,12,,,,,,,,active
Cream Corn,973,,27,,,,,,,,active
Snack Box,974,,15,,,,,,,,active
Fresh Peppers,976,,15,,,,,,,,active
CEREAL CORN BISQ.,977,TEFAP,14,,,308,,,,,active
Fresh 2nd Harvest Vegetables,978,,0,,,,,,,,active
Fresh 2nd Harvest Fruit,979,,0,,,,,,,,active
Fresh Donated Vegetables,980,,0,,,,,,,,active
Fresh Donated Fruit,981,,0,,,,,,,,active
Peanut Butter,983,,11,,,,,,,,active
Cheddar Broc. Rice and Sauce,984,,6,,,,,,,,active
Mixed Vegetable Case,985,,14,,,,,,,,active
Northwest Harvest Delivery,986,,0,,,,,,,,active
TOASTY Os,987,TEFAP,14,,,,,,,,active
Jam,988,,0,,,,,,,,active
Turkey,989,,0,,,,,,,,active
Ham,990,,0,,,,,,,,active
Gravy,991,,0,,,,,,,,active
Butter,992,,0,,,,,,,,active
Spaghetti Sauce,994,,27,,,,,,,,active
Tomatoes  Diced,995,,27,,,,,,,,active
Chicken pouch,996,CSFP,22.5,,1/9/15,25,,,,,active
Milk,998,,13,,,,,,,,active
Yogurt,1000,,13,,,,,,,,active
Emergency Food Box,1001,,0,,,,,,,,active
RICE,1,TEFAP,49,,9/21/05,,,,,0,active
Misc Frozen,790,EFAP FB,0,,,2327,,,,,active
Misc Produce,792,EFAP FB,0,,,844,,,,,active
FROZEN STRAWBERRIES,793,TEFAP,24,,2/10/11,4320,,,,,active
Backpack kits,794,,450,,,1125,,,,,active
CORN,795,TEFAP,27,,,,,,,,active
Purchase,796,EFAP FB,0,,,,,,,,active
CEREAL CORN FLAKES,798,TEFAP,19,,,,,,,,active
Rotini,799,CSFP,22.5,,,,,,,,active
Shelf Stable Bacon,800,EFAP FB,7,,,42,,,,,active
Triscuts,801,EFAP FB,9,,,162,,,,,active
Pinto Beans,802,EFAP FB,24,,,408,,,,,active
Hot Cereal,803,EFAP FB,24,,,408,,,,,active
Chef Boyardee,804,EFAP FB,25,,,17,,,,,active
Huggies Diapers,806,,16,,,80,,,,,active
Mayo,807,EFAP FB,31,,,155,,,,,active
Chips,808,,0,,,,,,,,active
CREAM CORN,809,TEFAP,27,,,,,,,,active
LG. CORN,810,TEFAP,47,,,,,,,,active
Sweet Potatoes,811,CSFP,28,,,,,,,,active
Spag. Sauce,812,CSFP,27,,,,,,,,active
Creamy Chicken Casserole,813,,27,,,675,,,,,active
Frozen Shoestring Potatoes,814,,24,,,3432,,,,,active
BONUS BRAN FLAKES,815,TEFAP,10.2,,7/13/11,80,,,,,active
BONUS RAISIN BRAN,816,TEFAP,12.5,,7/12/11,80,,,,,active
BONUS FROSTED FLAKES,817,TEFAP,10,,7/12/11,80,,,,,active
BONUS A.C. BAR,818,TEFAP,5,,1/12/11,80,,,,,active
BONUS B.B. BAR,819,TEFAP,5,,7/12/11,80,,,,,active
BONUS RASP. BAR,820,TEFAP,5,,7/12/11,80,,,,,active
BONUS FRUIT MIX CUP,821,TEFAP,11,,7/12/11,160,,,,,active
BONUS FRUIT PEACH CUP,822,TEFAP,11,,7/12/11,160,,,,,active
BONUS ENSURE,823,TEFAP,16.5,,7/12/11,50,,,,,active
BONUS,824,TEFAP,0,,7/12/11,1442,,,,,active
Fresh Vegs,826,,0,,,,,,,,active
Fruit,827,CSFP,0,,,,,,,,active
Vegs,828,CSFP,0,,,,,,,,active
Juice,829,CSFP,0,,,,,,,,active
onion crisps,831,,4,,,,,,,,active
1% Milk,832,CSFP,28,,8/5/11,,,,,,active
Fresh Fruit,833,,0,,,,,,,,active
Berry Iced Tea,834,EFAP FB,37,,9/8/11,45,,,,,active
Citrus Blast,835,EFAP FB,9,,,,,,,,active
Watermelon,836,,0,,,,,,,,active
PLUMS,837,TEFAP,27,,10/18/11,,,,,,active
F.D. Corn,2,,60,,6/14/01,2160,,,,,active
Whole Chicken,838,,0,,,,,,,,active
Pasta Lg.,840,EFAP FB,19,,,18,,,,,active
V 8 Juice,841,EFAP FB,19,,,12,,,,,active
Pop Tart Mini Crisp,842,EFAP FB,4,,,12,,,,,active
Can Tomatoes  Lg,843,,44,,,12,,,,,active
Kashi Cereal,844,EFAP FB,4,,,18,,,,,active
Frosted Mini Wheats,845,EFAP FB,5,,,18,,,,,active
Raisin Bran,846,EFAP FB,5,,,18,,,,,active
50# Beans,847,,50,,,300,,,,,active
Jiffy Mix,848,,14,,,,,,,,active
Spaghetti,849,,24,,,,,,,,active
Oats,850,,25,,,,,,,,active
Mini Wheat/Cinn.Stru.,851,EFAP FB,19,,,6,,,,,active
Ritz Crackers,852,EFAP FB,5,,,6,,,,,active
Trail Mix,853,EFAP FB,7,,,6,,,,,active
Granola Bar,854,EFAP FB,10,,,2,,,,,active
Roasted Nut Crunch,855,EFAP FB,8,,,6,,,,,active
Quaker Chewy,856,,7,,,6,,,,,active
Snackwells Fudge Petites,857,EFAP FB,2,,,6,,,,,active
Mini Spooners,858,EFAP FB,10,,,6,,,,,active
Mini Wheats,859,EFAP FB,18,,,6,,,,,active
Suddenly Salad,860,,7,,,12,,,,,active
Toasted Cheese,861,EFAP FB,11,,,6,,,,,active
Ronzoni,863,EFAP FB,11,,,11,,,,,active
Starbucks Coffee,864,EFAP FB,5,,,12,,,,,active
Santa Cruz Juice,865,EFAP FB,39,,,6,,,,,active
Holiday Napkins,866,EFAP FB,16,,,6,,,,,active
PISTACHIO,867,TEFAP,25,,,,,,,,active
Fresh Mushrooms,868,,3,,,,,,,,active
FRESH ORANGES,871,TEFAP,37,,,,,,,,active
Beefaroni,872,EFAP FB,26,,,,,,,,active
Diapers,873,EFAP FB,4,,,,,,,,active
PEACHES#10,874,TEFAP,46,,,,,,,,active
Juicy Juice,875,EFAP FB,28,,,18,,,,,active
Foot Snack,876,EFAP FB,5,,,18,,,,,active
Dayton Purchase,878,EFAP FB,0,,,,,,,,active
Tuna,879,,19,,,,,,,,active
Pilaf,880,EFAP FB,6,,,,,,,,active
Grahm Cracker Crumbs,881,EFAP FB,12,,,,,,,,active
Chips,882,EFAP FB,5,,,,,,,,active
Fresh Pears,883,EFAP FB,24,,,,,,,,active
Fresh Oranges,884,EFAP FB,35,,,,,,,,active
Water,885,EFAP FB,17,,,,,,,,active
Diced Tomatoes,886,EFAP FB,12,,,,,,,,active
AMA Water,887,EFAP FB,15,,,,,,,,active
F.D. Beans,3,,60,,6/14/01,1800,,,,,active
Fresh Corn,888,,0,,,,,,,,active
Ready Meals,889,EFAP FB,17,,,,,,,,active
Sweet Potato Chips,890,EFAP FB,3,,,,,,,,active
Cracker Chips,891,EFAP FB,6,,,,,,,,active
C.C. Sea Salt Chips,892,EFAP FB,11,,,,,,,,active
Chicken Noodle Soup,893,,19,,,5,,,,,active
Baking Mix,894,,13,,,20,,,,,active
Elbow Macaroni,895,,13,,,30,,,,,active
50# Rice,896,,50,,,400,,,,,active
100# Rice,897,,100,,,200,,,,,active
Hot Dogs,898,,10,,,,,,,,active
CARROTS,901,TEFAP,27,,,,,,,,active
BLACKEYE BEANS,902,TEFAP,28,,,156,,,,,active
Pepsi/Soda,903,EFAP FB,17,,,,,,,,active
Frozen Hot Dogs,904,,15,,,,,,,,active
Lg. Can Chicken,905,CSFP,30,,,,,,,,active
Scallops Veg.Protein,906,,38,,,,,,,,active
marshmellows,907,EFAP FB,13,,,,,,,,active
Scallops,908,,38,,,,,,,,active
Fresh Yams,909,EFAP FB,42,,,,,,,,active
Desert Toppings,910,EFAP FB,4,,,,,,,,active
G series Drink Pouches,911,EFAP FB,7,,,,,,,,active
Grape Drink,912,EFAP FB,38,,,,,,,,active
Cookies,913,EFAP FB,12,,,,,,,,active
RAISINS,914,TEFAP,14,,,,,,,,active
MIX FRUIT & NUT,915,TEFAP,26,,,,,,,,active
TURKEY,917,TEFAP,50,,,88,,,,,active
CEREAL  CRISPIX,918,TEFAP,15,,,,,,,,active
Olive Oil,919,,12,,,7824,,,,,active
Ensure,920,EFAP FB,8,,,,,,,,active
Pumpkin Puree,921,EFAP FB,14,,,,,,,,active
Mash. Potatoes,922,EFAP FB,7,,,,,,,,active
Coconut Water/Red Tea,923,EFAP FB,15,,,,,,,,active
Fresh Fruit & Vegs.,925,,0,,,,,,,,active
Tropicana,926,,34,,,,,,,,active
Fair Share,927,,0,,,,,,,,active
Hash Brown Potatoes,929,,30,,,,,,,,active
CRANBERRY JU. CONCT.,930,TEFAP,12,,,,,,,,active
Holiday Bags from Safeway,931,,0,,,,,,,,active
LENTILS,932,TEFAP,26,,,228,,,,,active
Pasta,933,,25,,,,,,,,active
CEREAL WHT. BRAN,934,TEFAP,17,,,,,,,,active
Candy,936,,32,,,,,,,,active
Stuffing,937,,18,,,,,,,,active
Flour,938,,25,,,,,,,,active
F.D. Chili/Beans,7,,60,,6/14/01,3600,,,,,active
Vegetable Beef Soup,939,,19,,,,,,,,active
Tomato Soup,940,,19,,,,,,,,active
Corn Muffin Mix,941,,10,,,20,,,,,active
Mushroom Soup,942,,19,,,,,,,,active
Scalloped Potatoes,943,,5,,,25,,,,,active
Cookies,945,,0,,,,,,,,active
Toilet Paper,946,,0,,,,,,,,active
Elbow Maccaroni,947,,12,,,,,,,,active
Can Gravy,948,,18,,,,,,,,active
Hamburger Helper,950,,7,,,,,,,,active
Chicken Helper,951,,7,,,,,,,,active
Nature Valley Nut Cluster,952,,7,,4/15/14,28,,,,,active
Complete Dinner,954,,11,,4/15/14,77,,,,,active
Frozen Chicken,1002,,65,,,,,,,,active
Peaches,1003,,27,,,,,,,,active
Ravioli in Beef Sauce,1004,,27,,,,,,,,active
Juice Box,1008,,12,,,,,,,,active
milk  8 ounce,1009,,14,,,,,,,,active
Spaghetti and Meatballs,1010,,27,,,,,,,,active
Macaroni and Beef,1011,,27,,,,,,,,active
Frozen Vegetables,1012,,0,,,,,,,,active
Sausage Sandwich,1013,,7,,,,,,,,active
F.D. Dry Goods,10,,40,,6/14/01,4760,,,,,active
F.D. Fish Prod.,12,,60,,6/14/01,480,,,,,active
F.D. Fruit.,20,,60,,6/14/01,1200,,,,,active
F.D. Glass,23,,60,,6/14/01,1080,,,,,active
F.D. Prepared,29,,60,,6/14/01,1320,,,,,active
F.D. Soup,30,,60,,6/14/01,1320,,,,,active
F.D. Tomato Prod,31,,60,,6/14/01,660,,,,,active
FROZ. PEACHES,543,TEFAP,28,,4/28/05,5544,,,,,active
Cream Corn,567,CSFP,24,,7/1/05,600,,,,,active
Orange Juice/8,568,CSFP,38,,7/1/05,2813,,,,,active
F.D. Mix Vegs,89,,60,,6/14/01,1260,,,,0,active
Misc.,96,,,,6/14/01,2500,,,,,active
F.D.,352,,0,,,,,,,,active
Pears,493,CSFP,27,,3/23/05,648,,,,,active
CORN W.K.,494,CSFP,27,,3/23/05,1276,,,,,active
Carrots,495,CSFP,27,,3/23/05,1350,,,,,active
Spaghetti,497,CSFP,25,,3/23/05,1925,,,,,active
Beans  Lima,498,CSFP,25.5,,3/23/05,306,,,,,active
Dry Milk,499,CSFP,20.2,,3/23/05,1252,,,,,active
Cereal  Tasteeos,500,CSFP,14.75,,3/23/05,39,,,,,active
Oatmeal,501,CSFP,37,,3/23/05,888,,,,,active
Peanut Butter,502,CSFP,15.5,,3/23/05,109,,,,,active
Evap. Milk,503,CSFP,22.5,,3/23/05,1778,,,,,active
Tuna,504,CSFP,22.83,,3/23/05,398,,,,,active
Beef Stew,505,CSFP,43,,3/23/05,559,,,,,active
Cran. Apple Juice,506,CSFP,38,,3/23/05,2376,,,,,active
PEANUT BUTTER,508,TEFAP,16,,3/23/05,2224,,,,,active
VEG. SOUP,509,TEFAP,19,,3/23/05,760,,,,,active
TOM.SAUCE,510,TEFAP,27,,3/23/05,2376,,,,,active
STEW,514,TEFAP,43,,3/23/05,258,,,,,active
BEANS  G.N.,515,TEFAP,26,,3/23/05,858,,,,,active
MACARONI,516,TEFAP,24,,3/23/05,3600,,,,,active
PEARS,518,TEFAP,27,,3/23/05,2565,,,,,active
MIXED FRUIT,519,TEFAP,27,,3/23/05,2511,,,,,active
ORANGE JUICE/8,521,TEFAP,38,,3/23/05,2596,,,,,active
OATS,522,TEFAP,36,,3/23/05,324,,,,,active
PEACHES,523,TEFAP,27,,3/23/05,4347,,,,,active
WALNUTS,528,TEFAP,25,,4/14/05,1550,,,,,active
CRANBERRY SAUCE,529,TEFAP,29,,4/14/05,1885,,,,,active
INSTANT MILK,530,TEFAP,20.2,,4/14/05,5050,,,,,active
Cereal  Rice,531,CSFP,16.8,,4/14/05,473,,,,,active
Green Beans,532,CSFP,27,,4/14/05,543,,,,,active
Peas,533,CSFP,27,,4/14/05,562,,,,,active
Tomato Juice,534,CSFP,38,,4/14/05,183,,,,,active
Pineapple,536,CSFP,27,,4/14/05,750,,,,,active
Beans  Pinto,537,CSFP,24,,4/14/05,600,,,,,active
Rice/30,538,CSFP,61,,4/14/05,600,,,,,active
CAN CHICKEN,546,TEFAP,52,,5/14/05,4940,,,,,active
REFRIED BEANS,547,TEFAP,28,,5/14/05,2800,,,,,active
SPAGHETTI,549,TEFAP,25,,5/14/05,5600,,,,,active
Grape Juice/8,554,CSFP,38,,,,,,,,active
Stew,555,CSFP,43,,,,,,,,active
Cereal  Corn Flakes,556,CSFP,19.25,,,,,,,,active
Diced Tomatoes,557,CSFP,27,,,,,,,,active
PUDDING,558,TEFAP,12,,6/27/05,2736,,,,,active
Macaroni,565,CSFP,25,,7/20/05,,,,,,active
Cereal  Crispix,566,CSFP,16,,7/20/05,,,,,,active
Pudding,570,CSFP,12,,,,,,,,active
Cereal  Hex,575,CSFP,16,,,,,,,,active
Can Chicken,583,CSFP,11.25,,,,,,,,active
CRAN.JUICE CONC.,585,TEFAP,12,,9/21/05,762,,,,,active
Tomatoes,588,CSFP,27,,,,,,,,active
Mix. Vegs,595,CSFP,27,,,,,,,,active
Veg. Beans,596,CSFP,28,,,,,,,,active
DEYD. POT.,597,TEFAP,15,,11/15/05,2832,,,,,active
Beef,600,CSFP,52,,,,,,,,active
Beans  Lt. Kidney,601,CSFP,25,,,,,,,,active
CEREAL  RICE,613,TEFAP,30,,,,,,,,active
PINEAPPLE JUICE,614,TEFAP,38,,,,,,,,active
TUNA,615,TEFAP,22,,,,,,,,active
SALMON,616,TEFAP,22,,,,,,,,active
Salmom,620,CSFP,27,,,,,,,,active
SWEET POTATOES,631,TEFAP,22.5,,,,,,,,active
GRAPE JUICE/8,632,TEFAP,38,,,,,,,,active
FLOUR MIX L.F.,647,TEFAP,31,,,,,,,,active
FROZEN CARROTS,,TEFAP,30,,5/19/15,,,,,,active
All Bran Crackers,,EFAP FB,9,,,54,,,,,discontinued
AMA Water,,EFAP FB,15,,,,,,,,discontinued
Animal Crackers,,EFAP FB,4,,,24,,,,,discontinued
INK5642 Apple Chips  Gold. Del,,,7,,4/25/06,112,,,,,discontinued
Cran/Apple Juice,,CSFP,38,,,,,,,,discontinued
Cran/Apple Juice,,CSFP,38,,,,,,,,active
Apple Sauce,,EFAP FB,27,,,18,,,,,discontinued
CRANBERRY JU. CONCT.,,TEFAP,12,,,,,,,,discontinued
Fresh Bananas,,Donation,,,,,,,,,active
Pie,,,24,,,,,,,,active
FROZEN CHERRIES,,TEFAP,30,,,,,,,,active
TOMATOES,,TEFAP,27,,12/12/02,4212,,,,,active
1% MILK,,TEFAP,28,,9/21/05,9623,,,,,active
Cheese  R.F.,,CSFP,26,,3/23/05,192,,,,,active
Cheese,,CSFP,26,,,,,,,,active
Fresh Greens,,none,,,,,,,,,active
Garden Supplies,,none,,,,,,,,,active
Garbanzo Beans,,TEFAP,25,,,,,,,,active
Juice,,,,,,,,,,,active
All Bran Crackers,783,EFAP FB,9,,,54,,,,,active
Animal Crackers,805,EFAP FB,4,,,24,,,,,active
Apple Juice,496,CSFP,44,,3/23/05,4664,,,,,active
APPLE JUICE/8,598,TEFAP,38,,11/15/05,3960,,,,,active
Apple Sauce,,EFAP FB,27,,,18,,,,,active
APPLESAUCE,517,TEFAP,27,,3/23/05,864,,,,,active
APPLESAUCE CUP,975,TEFAP,32,,,244,,,,,active
Applesauce cups,1007,,12,,,,,,,,active
Apricots,535,CSFP,27,,4/14/05,563,,,,,active
APRICOTS,520,TEFAP,27,,3/23/05,513,,,,,active
ASPARAGUS,617,TEFAP,18,,,,,,,,active
AuGratin Potatoes,944,,5,,,25,,,,,active
Baked Beans,,none,,,,,,,,,active
APPLE CHERRY JUICE,772,TEFAP,38,,,,,15-06-29:0:0,,,active
apple chips,830,,3,,,,,15-06-29:0:0,,,active
APPLE JUICE,598,TEFAP,44,,11/15/05,3960,,15-06-29:0:0,,,active
Apple Sauce,492,CSFP,27,,3/23/05,324,,15-06-29:0:0,,,active
Applesauce,1006,,25,,,,,15-06-29:0:0,,,active
Essential NON Food Misc.,,none,,,,,,,,,active
Frozen Potatoes,,none,,,,,,,,,active
Empanadas,,none,15,,,,,,,,active
F.D. Milk,,none,60,,,,,,,,active
Bacon and Egg Pockets,,none,15,,,,,,,,active
Southwest Chicken Pockets,,none,15,,,,,,,,active
KIDNEY BEANS,,TEFAP,27,,,,,,,,active
SPAG. SAUCE,,TEFAP,27,,5/14/05,4850,,,,,active
Fruit Cocktail,,CSFP,27,,7/1/05,562,,,,,active
Cereal Wheat Shredded,,TEFAP,13,,,,,,,,active
Can Chicken,,,10,,,,,,,,active
Dressing,,none,20,,,,,,,,active
GREEN BEANS,,TEFAP,27,,9/21/05,3328,,,,,active
Cereal Shredded Wheat,,CSFP,13,,1/9/15,120,,,,,active
CSFP,,CSFP,,,,,,,,,active
F.D. Fish Prod.,,,60,,6/14/01,480,,,,,discontinued
F.D. Meat,,none,60,,,,,,,,active
FRESH APPLES,,TEFAP,40,,,,,,,,active
Fresh Squash,,none,,,,,,,,,active
PORK,,TEFAP,43,,6/14/01,0,,,,,active
Chili,,,27,,6/14/01,0,,,,,active
Pasta Spaghetti,,TEFAP,21,,,,,,,,active
OIL,,TEFAP,28,,,,,,,,active
Holiday Dinner,,none,,,,,,,,,active
Resers,,,,,11/2/10,1342,,,,,active
Fresh Vegetables,,,,,6/14/01,1160,,,,,active
Fresh Vegs,,,0,,,,,,,,discontinued
Stuffers,,none,18,,,,,,,,active
Misc. Dry,,EFAP FB,0,,,3303,,,,,active
Frozen Meat,,,,,,,,,,,active
Potted Meat,,,8,,1/20/05,240,,,,,discontinued
RAISINS,,TEFAP,14,,,,,,,,discontinued
RAISENS Small Boxes,,TEFAP,14.25,,,,,,,,active
Salmon 24/7.5oz,,TEFAP,14.5,,,,,,,,active
Justice for All Poster,,TEFAP,0,,,,,,,,active
EITC Flyers and Poster,,TEFAP,0,,,,,,,,active
MUSHROOM SOUP,,TEFAP,20,,1/1/01,,,,,,active